Language,Word
Irish,ab
Irish,aba
Irish,ababú
Irish,abacas
Irish,abach
Irish,abacht
Irish,abadh
Irish,abaid
Irish,abaidh
Irish,abaigh
Irish,abail
Irish,abair
Irish,abairt
Irish,abairteach
Irish,ábalta
Irish,ábaltacht
Irish,abar
Irish,abarach
Irish,abarlach
Irish,abartha
Irish,abarthacht
Irish,abdhaine
Irish,abduchtach
Irish,abha
Irish,ábha
Irish,abhac
Irish,ábhach
Irish,ábhacht
Irish,ábhachtach
Irish,abhail
Irish,abhaile
Irish,abhaill
Irish,ábhailleach
Irish,ábhaillí
Irish,abhainn
Irish,ábhairín
Irish,abhaitis
Irish,ábhal
Irish,ábhalchéim
Irish,abhall
Irish,abhallghort
Irish,ábhalmhór
Irish,abhann
Irish,ábhann
Irish,ábhannach
Irish,abhanta
Irish,abhantrach
Irish,ábhar
Irish,ábharachas
Irish,ábharaí
Irish,ábharaíoch
Irish,ábharsóir
Irish,ábhartha
Irish,ábharthacht
Irish,abhcach
Irish,abhcóide
Irish,abhcóideacht
Irish,abhcóir
Irish,abhla
Irish,abhlach
Irish,abhlacha
Irish,abhlann
Irish,abhlóir
Irish,abhlóireacht
Irish,abhlord
Irish,abhna
Irish,abhó
Irish,abhóg
Irish,abhógach
Irish,abhógacht
Irish,abhógaí
Irish,abhóiséad
Irish,abhra
Irish,ábhraigh
Irish,ábhraíocht
Irish,abhraiseach
Irish,abhrán
Irish,abhras
Irish,ábhrú
Irish,abhus
Irish,ablach
Irish,abláil
Irish,ablálaí
Irish,abóraidh
Irish,abracha
Irish,abracht
Irish,abradh
Irish,abraíodh
Irish,abraíonn
Irish,Abrán
Irish,abrann
Irish,abróchaidh
Irish,absalóid
Irish,absalóideach
Irish,absalóideachas
Irish,absalóideacht
Irish,abstal
Irish,abstanaid
Irish,abú
Irish,abuil
Irish,abúil
Irish,abúile
Irish,abúlacht
Irish,acadamh
Irish,acadamhaí
Irish,acadúil
Irish,acainít
Irish,acaire
Irish,acairíneach
Irish,acais
Irish,acaistear
Irish,acalaí
Irish,acant
Irish,acantas
Irish,acantóideach
Irish,acaoineadh
Irish,acaointeach
Irish,acar
Irish,acarach
Irish,acarsóid
Irish,acastóir
Irish,acfainn
Irish,ach
Irish,achadh
Irish,achainí
Irish,achainigh
Irish,achainíoch
Irish,achair
Irish,achairt
Irish,achan
Irish,achar
Irish,achartha
Irish,achasán
Irish,achasánach
Irish,achasánaí
Irish,achlán
Irish,achmair
Irish,achmhusán
Irish,achoimre
Irish,achoimrigh
Irish,achoimriú
Irish,achomair
Irish,achomaireacht
Irish,achomharc
Irish,achomharcach
Irish,achomharcóir
Irish,achrann
Irish,achrannach
Irish,achrannaí
Irish,acht
Irish,achtachán
Irish,achtaigh
Irish,achtáil
Irish,achtainiam
Irish,achtan
Irish,achtanach
Irish,achtanasón
Irish,achtanasónach
Irish,achtanna
Irish,achtú
Irish,achtúire
Irish,aclaí
Irish,aclaigh
Irish,aclaíocht
Irish,aclamadach
Irish,acmhainn
Irish,acmhainneach
Irish,acomhal
Irish,acomhlach
Irish,acordán
Irish,acr
Irish,acra
Irish,acrach
Irish,acraiceintreach
Irish,acráiniach
Irish,acraíocht
Irish,acrasóm
Irish,acsón
Irish,acsónach
Irish,acu
Irish,ad
Irish,adac
Irish,adaí
Irish,adaigh
Irish,adainín
Irish,adáir
Irish,adamant
Irish,adamh
Irish,adamhach
Irish,adamhaigh
Irish,adan
Irish,adanóideach
Irish,adanóidí
Irish,ádara
Irish,adchídh
Irish,adeir
Irish,ádh
Irish,adha
Irish,adhaigh
Irish,adhain
Irish,adhainne
Irish,adhaint
Irish,adhainteoir
Irish,adhair
Irish,adhairce
Irish,adhaircín
Irish,adhairt
Irish,adhal
Irish,adhall
Irish,adhaltrach
Irish,adhaltranaigh
Irish,adhaltranas
Irish,adhamaint
Irish,Ádhamh
Irish,Ádhamhchlann
Irish,adhanfaidh
Irish,adhann
Irish,adhanta
Irish,adhantach
Irish,adhantaí
Irish,adhar
Irish,adharc
Irish,adharcach
Irish,adharcachán
Irish,adharcacht
Irish,adharcáil
Irish,adharcán
Irish,adhart
Irish,adhartach
Irish,adhartán
Irish,adhartha
Irish,adhascaid
Irish,adhascaideach
Irish,adhastar
Irish,adhastrach
Irish,adhb
Irish,adhbh
Irish,adhbha
Irish,adhbhacóide
Irish,adhbhailleach
Irish,adhbhal
Irish,adhbhann
Irish,adhbhar
Irish,adhbharaíocht
Irish,adhbhardha
Irish,adhbhóg
Irish,adhbhtha
Irish,adhfhuafaireacht
Irish,adhfhuafar
Irish,adhfhuaire
Irish,adhfhuar
Irish,adhfhuath
Irish,adhfhuathaigh
Irish,adhfhuathmhaire
Irish,adhfhuathmhar
Irish,adhgharbh
Irish,adhlacadh
Irish,adhlacóir
Irish,adhlaic
Irish,adhmad
Irish,adhmadach
Irish,adhmadóir
Irish,adhmadóireacht
Irish,adhmadúil
Irish,adhmaint
Irish,adhmainteach
Irish,adhmainteas
Irish,adhmannas
Irish,adhmhaidin
Irish,ádhmhar
Irish,ádhmharaí
Irish,adhmhill
Irish,adhmhilleadh
Irish,adhmhol
Irish,adhmholadh
Irish,adhmholtach
Irish,adhmholtóir
Irish,adhnacadh
Irish,adhnadh
Irish,adhnáire
Irish,adhnáireach
Irish,adhnáirigh
Irish,adhnann
Irish,adhnua
Irish,adhradh
Irish,adhraitheoir
Irish,adhrann
Irish,adhsáid
Irish,adhuath
Irish,adhuathmhaire(acht)
Irish,adhuathmhar
Irish,ádhúil
Irish,admhaigh
Irish,admháil
Irish,admhálach
Irish,admhálaí
Irish,adóg
Irish,adóib
Irish,adrásta
Irish,aduaidh
Irish,aduain
Irish,aduaine
Irish,aduantas
Irish,aduine
Irish,ae
Irish,aeistéitic
Irish,aelus
Irish,aen
Irish,aer
Irish,aerach
Irish,aerachlár
Irish,aeracht
Irish,aerachtúil
Irish,aerachtúlacht
Irish,aeradán
Irish,aeradróm
Irish,aeragraf
Irish,aeraí
Irish,aeráid
Irish,aeráideach
Irish,aeraidinimic
Irish,aeraigh
Irish,aeraíl
Irish,aeráil
Irish,aeraíocht
Irish,aeraitheoir
Irish,aerárachas
Irish,aerarm
Irish,aerárthach
Irish,aerasól
Irish,aerastataic
Irish,aerbhac
Irish,aerbhealach
Irish,aerbheirthe
Irish,aerbhonn
Irish,aerbhrat
Irish,aerbhríce
Irish,aerchaidéal
Irish,aerchill
Irish,aerchomhla
Irish,aerchonair
Irish,aerchoscán
Irish,aerchúisín
Irish,aerdha
Irish,aerdhíonach
Irish,aerdhruilire
Irish,aereincíoma
Irish,aereiteog
Irish,aerfhórsa
Irish,aerfhuaraithe
Irish,aerfort
Irish,aerfótagraf
Irish,aerfótagrafaíocht
Irish,aerga
Irish,aerghunna
Irish,aerinneall
Irish,aeriompar
Irish,aeriompartha
Irish,aerionad
Irish,aerlána
Irish,aerlíne
Irish,aerlínéar
Irish,aerloingseoireacht
Irish,aerlong
Irish,aerluas
Irish,aermaíocht
Irish,aermharascal
Irish,aerobach
Irish,aeróbach
Irish,aeróg
Irish,aeroibrithe
Irish,aeroiriúnaigh
Irish,aeróstach
Irish,aerpháirc
Irish,aerphiocóid
Irish,aerphost
Irish,aer-ruathar
Irish,aerscriú
Irish,aershac
Irish,aersheomra
Irish,aerspás
Irish,aerstiall
Irish,aertha
Irish,aerthacht
Irish,aerthóir
Irish,aerthormán
Irish,aerú
Irish,Aetópach
Irish,áfach
Irish,afan
Irish,afanaipteireach
Irish,afast
Irish,Afganastánach
Irish,Afracach
Irish,Afracánach
Irish,afrasc
Irish,ag
Irish,aga
Irish,agá
Irish,agaibh
Irish,agaigh
Irish,agaill
Irish,agaille
Irish,agailt
Irish,againn
Irish,agair
Irish,agairg
Irish,agairt
Irish,agaistéir
Irish,agáit
Irish,agall
Irish,agallach
Irish,agallamh
Irish,agallann
Irish,agam
Irish,agamacht
Irish,agaois
Irish,agar
Irish,ágar
Irish,agarbh
Irish,agard
Irish,agartha
Irish,agarthach
Irish,agat
Irish,agh
Irish,ágh
Irish,aghaidh
Irish,aghaidhbhéasach
Irish,aghaidh-dhána
Irish,aghaidhnáire
Irish,ághasta
Irish,ághdha
Irish,aghloit
Irish,aghlot
Irish,ághmhar
Irish,aghnáire
Irish,áglus
Irish,agnóisí
Irish,agnóisíoch
Irish,agó
Irish,agóid
Irish,agóideach
Irish,agóideoir
Irish,agra
Irish,agrach
Irish,agradh
Irish,agrafóibe
Irish,agraíonn
Irish,agrann
Irish,agróir
Irish,agú
Irish,agúid
Irish,aguisín
Irish,agus
Irish,agús
Irish,agusóir
Irish,aibeachan
Irish,aibéil
Irish,aibéis
Irish,aibéiseach
Irish,aibghitir
Irish,aibhé
Irish,áibhéal
Irish,áibhéalach
Irish,áibhéalaí
Irish,áibhéalta
Irish,áibhéar
Irish,aibhéardaí
Irish,áibhéil
Irish,áibhéireacht
Irish,aibhéis
Irish,áibhéis
Irish,aibhéiseach
Irish,áibhéiseach
Irish,aibhinne
Irish,áibhirseach
Irish,áibhirseoir
Irish,áibhirseoireacht
Irish,áibhle
Irish,aibhléis
Irish,aibhleog
Irish,aibhligh
Irish,áibhligh
Irish,aibhne
Irish,aibhneach
Irish,aibhneacha
Irish,aibhneoir
Irish,aibhnte
Irish,aibhse
Irish,aibhseach
Irish,aibhseacht
Irish,aibhseoir
Irish,aibhsigh
Irish,aibí
Irish,aibíd
Irish,aibidil
Irish,aibigh
Irish,aibíocht
Irish,aibís
Irish,Aibisíneach
Irish,aibitheach
Irish,aibithghineas
Irish,aibítir
Irish,aibítreach
Irish,aibiú
Irish,aibiúil
Irish,Aibreán
Irish,aibreog
Irish,aibrisc
Irish,aibrisce
Irish,aibsíse
Irish,aic
Irish,aice
Irish,aiceacht
Irish,aiceadal
Irish,aicéalach
Irish,aicéalómach
Irish,aiceann
Irish,aiceannaigh
Irish,aiceanta
Irish,aicearra
Irish,aicearrach
Irish,aicearracht
Irish,aicéataildéad
Irish,aicéataimíd
Irish,aicéatáit
Irish,aicéatal
Irish,aicéatón
Irish,aiceifileach
Irish,aicéin
Irish,aiceintreach
Irish,aicéit-
Irish,aicéiteach
Irish,aicéitiléin
Irish,aíche
Irish,aichear
Irish,aichearra
Irish,aichearrach
Irish,aichre
Irish,aici
Irish,aicíd
Irish,aicídeach
Irish,aicil
Irish,aiciléir
Irish,aicill
Irish,aicillí
Irish,aicim
Irish,aicíneas
Irish,aicinéit
Irish,aicinn
Irish,aicíocha
Irish,aicíocht
Irish,aicis
Irish,aiciseach
Irish,aicme
Irish,aicmeach
Irish,aicmigh
Irish,aicmíocht
Irish,aicmiú
Irish,aicmiúil
Irish,aicne
Irish,aicrileach
Irish,aicrilinítríl
Irish,aicseam
Irish,aicsean
Irish,aicsí
Irish,aicsím
Irish,aicsímiteach
Irish,áicsin
Irish,Aidbhint
Irish,aidbhinteach
Irish,aidhbhe
Irish,aidhbhéil
Irish,aidhbhirseoir
Irish,aidhbhligh
Irish,aidhbhse
Irish,aidhbhsigh
Irish,aidhe
Irish,aidhéar
Irish,aidhleann
Irish,aidhleanna
Irish,aidhleasc
Irish,aidhleisce
Irish,aidhlicí
Irish,aidhm
Irish,aidhmeannach
Irish,aidhmeannas
Irish,aidhmhill
Irish,aidhnín
Irish,aidiabatach
Irish,aidiacht
Irish,aidiachtach
Irish,aidiúnach
Irish,aidiúnacht
Irish,aidmheáil
Irish,aidréanailín
Irish,aidréanailíneach
Irish,aidréinea-
Irish,aidréineach
Irish,aidréini-
Irish,áidsint
Irish,aife
Irish,aiféala
Irish,aiféalach
Irish,áiféalta
Irish,aiféaltas
Irish,aifear
Irish,aifearach
Irish,aifeartha
Irish,áiféil
Irish,aiféilean
Irish,áiféis
Irish,áiféiseach
Irish,aifid
Irish,aifir
Irish,aifirt
Irish,aifís
Irish,Aifreann
Irish,Aifreannach
Irish,aifricéad
Irish,aifríonn
Irish,aigdhe
Irish,aige
Irish,aigeach
Irish,aigéad
Irish,aigéadach
Irish,aigéadacht
Irish,aigéadaigh
Irish,aigéadalú
Irish,aigéad-díonach
Irish,aigéadfhréamh
Irish,aigéadobach
Irish,aigéadú
Irish,aigéan
Irish,aigéanach
Irish,aigéaneolaí
Irish,aigéaneolaíoch
Irish,aigéaneolaíocht
Irish,aigeanta
Irish,aigéanta
Irish,aigeantach
Irish,aigeantacht
Irish,Aigéineach
Irish,aiges
Irish,aighe
Irish,áighe
Irish,aigheann
Irish,aighear
Irish,áigheasta
Irish,aighne
Irish,aighneas
Irish,aighneasach
Irish,aighneasacht
Irish,aighneasóir
Irish,aighnigh
Irish,aighnis
Irish,aighre
Irish,aighthe
Irish,aigigh
Irish,aigilín
Irish,aigill
Irish,aigne
Irish,aigneolaí
Irish,aigneolaíocht
Irish,ail
Irish,áil
Irish,ailb
Irish,ailbheolach
Irish,ailbheolas
Irish,ailbhín
Irish,ailbíneach
Irish,ailbíneachas
Irish,ailceimic
Irish,ailceimiceach
Irish,ailceimiceoir
Irish,ailcil
Irish,ailcín
Irish,aildéad
Irish,aile
Irish,aileá
Irish,aileach
Irish,aileacó
Irish,áiléar
Irish,ailearán
Irish,aileastar
Irish,aileimbic
Irish,aileorón
Irish,ailgéabar
Irish,ailgéabrach
Irish,Ailgéarach
Irish,áilghean
Irish,áilgheas
Irish,áilghine
Irish,ailgin
Irish,ailgineach
Irish,ailgionáit
Irish,ailí
Irish,ailigéadar
Irish,ailigh
Irish,aililiú
Irish,ailím
Irish,ailimic
Irish,ailimín
Irish,ailínigh
Irish,ailinín
Irish,ailíniú
Irish,áilíos
Irish,áilíosach
Irish,ailiúnas
Irish,aill
Irish,áille
Irish,áilleacht
Irish,ailleadóir
Irish,ailleadóireacht
Irish,áilleagán
Irish,áilleagánacht
Irish,áilleánach
Irish,ailléideach
Irish,ailléidigh
Irish,ailléil
Irish,ailléileach
Irish,ailléirge
Irish,ailléirgeach
Irish,ailleog
Irish,áilleog
Irish,áilligh
Irish,aillis
Irish,aillt(r)eacha
Irish,aillte
Irish,ailm
Irish,áilne
Irish,áilnigh
Irish,ailp
Irish,ailpéir
Irish,ailpín
Irish,ailpínteacht
Irish,ailpreacha
Irish,ailse
Irish,ailseach
Irish,áilseadh
Irish,ailsigh
Irish,ailsiúil
Irish,ailt
Irish,áilt
Irish,ailte
Irish,áilteach
Irish,áilteacha
Irish,ailteán
Irish,ailteanna
Irish,ailtéarnach
Irish,ailtéarnaigh
Irish,ailtéarnóir
Irish,ailtéarnú
Irish,áilteoir
Irish,áilteoireacht
Irish,áilteortha
Irish,ailtín
Irish,ailtire
Irish,ailtireacht
Irish,ailtireachtúil
Irish,áiméan
Irish,áiméar
Irish,aiméibe
Irish,aiméibicít
Irish,aimeiriciam
Irish,aimhdheoin
Irish,aimhe
Irish,aimhfheoil
Irish,aimhghlic
Irish,aimhghliceas
Irish,aimhleacht
Irish,aimhleas
Irish,aimhleasach
Irish,aimhleasc
Irish,aimhleasta
Irish,aimhleisce
Irish,aimhleisciúil
Irish,aimhlis
Irish,aimhneart
Irish,aimhneartach
Irish,aimhneasach
Irish,aimhreas
Irish,aimhréidh
Irish,aimhréir
Irish,aimhréire
Irish,aimhréireach
Irish,aimhréiteach
Irish,aimhréití
Irish,aimhrialta
Irish,aimhrialtacht
Irish,aimhriar
Irish,aimhriarach
Irish,aimhriata
Irish,aimhriocht
Irish,aimhshrianta
Irish,aimicín
Irish,aimid
Irish,aimíd
Irish,aimil
Irish,aimileach
Irish,aimiléis
Irish,aimileog
Irish,aimilithe
Irish,aimilte
Irish,aimín
Irish,aimínaigéad
Irish,aimínghrúpa
Irish,áimíní
Irish,aimiotóis
Irish,aimiréal
Irish,aimiréalacht
Irish,aimirne
Irish,aimirneach
Irish,aimitis
Irish,aimleadh
Irish,aimléis
Irish,aimléiseach
Irish,aimleoir
Irish,aimlíocht
Irish,aimlithe
Irish,aimliú
Irish,aimnéise
Irish,aimnín
Irish,aimníneach
Irish,aimpéar
Irish,aimpéaras
Irish,aimpéarlúb
Irish,aimpéaruair
Irish,aimpléis
Irish,aimpléiseach
Irish,aimpléiseacht
Irish,aimpligh
Irish,aimplitheach
Irish,aimplitheoir
Irish,aimplitiúid
Irish,aimpliú
Irish,aimpmhéadar
Irish,aimrid
Irish,aimride
Irish,aimridigh
Irish,aimridiú
Irish,aimseach
Irish,aimseartha
Irish,aimsigh
Irish,aimsir
Irish,aimsitheoir
Irish,aimsitheoireacht
Irish,aimsiú
Irish,ain-
Irish,áin
Irish,ainbheacht
Irish,ainbheart
Irish,ainbheartach
Irish,ainbhéas
Irish,ainbheasa
Irish,ainbhéasach
Irish,ainbheithíoch
Irish,ainbheocht
Irish,ainbhfeoil
Irish,ainbhfial
Irish,ainbhfíor
Irish,ainbhfíréan
Irish,ainbhios
Irish,ainbhiosach
Irish,ainbhiosán
Irish,ainbhirt
Irish,ainbhle
Irish,ainbhleitheach
Irish,ainbhlinn
Irish,ainbhreith
Irish,ainbhreitheach
Irish,ainbhthe
Irish,ainbhthine
Irish,aincheart
Irish,aincheas
Irish,aincheist
Irish,ainchinn
Irish,ainchion
Irish,ainchíos
Irish,ainchirt
Irish,ainchis
Irish,ainchleachta
Irish,ainchleachtadh
Irish,ainchreideamh
Irish,ainchreidmheach
Irish,ainchríonna
Irish,Ainchríost
Irish,ainchríostaí
Irish,ainchríostúil
Irish,ainchríostúlacht
Irish,aincí
Irish,ainciall
Irish,aincis
Irish,ainciseach
Irish,ainciseoir
Irish,aindearbh
Irish,aindeis
Irish,aindeoin
Irish,aindeonach
Irish,aindia
Irish,aindiachaí
Irish,aindiachas
Irish,aindiaga
Irish,aindiagacht
Irish,aindiagaí
Irish,aindiallais
Irish,aindiallasach
Irish,aindílis
Irish,aindílleachta
Irish,aindiúid
Irish,aindiúideach
Irish,aindleathach
Irish,aindleathacht
Irish,aindlí
Irish,aindlíthiúil
Irish,aindreanta
Irish,aindréiciam
Irish,aindréim
Irish,aindréimeach
Irish,áine
Irish,áineacht
Irish,ainéadaithe
Irish,aineagna
Irish,ainéal
Irish,aineamh
Irish,aineamhach
Irish,áineas
Irish,ainéasca
Irish,aineascair
Irish,aineascaireacht
Irish,ainéide
Irish,ainéidithe
Irish,ainéifeacht
Irish,ainéifeachtach
Irish,ainéimea-
Irish,ainéimiméadar
Irish,ainéistéise
Irish,ainéistéiseach
Irish,ainéistéisí
Irish,aineoil
Irish,aineoirin
Irish,aineolach
Irish,aineolaí
Irish,aineolas
Irish,aineoplóideach
Irish,aineoras
Irish,ainfe
Irish,ainfhéichiúnta
Irish,ainfhéile
Irish,ainfheoil
Irish,ainfhial
Irish,ainfhíor
Irish,ainfhiosrach
Irish,ainfhiosracht
Irish,ainfhíréan
Irish,ainfhíréanta
Irish,ainfhíréantacht
Irish,ainfhírinne
Irish,ainfhreagra
Irish,ainfhreagrach
Irish,ainfine
Irish,aingceis
Irish,aingciallda
Irish,aingcis
Irish,aingeal
Irish,aingealdha
Irish,ainghléas
Irish,ainghníomh
Irish,aingí
Irish,aingiall
Irish,aingiallta
Irish,aingil
Irish,aingíne
Irish,aingíocht
Irish,aingle
Irish,ainglí
Irish,ainglice
Irish,ainglíocht
Irish,ainglis
Irish,aingliseach
Irish,ainhidríd
Irish,ainhidrineach
Irish,ainhidriúil
Irish,ainhiodráis
Irish,ainian
Irish,ainianach
Irish,ainiarmhairt
Irish,ainiarmhartach
Irish,ainiarsma
Irish,ainic
Irish,ainíde
Irish,ainimh
Irish,ainimheach
Irish,ainimhigh
Irish,ainiocht
Irish,ainiochtach
Irish,ainiomad
Irish,ainionadh
Irish,ainionracas
Irish,ainionraic
Irish,ainiontach
Irish,ainís
Irish,ainiseagamach
Irish,ainiseagamacht
Irish,ainiseatrópach
Irish,ainiúil
Irish,ainle
Irish,áinle
Irish,ainléannta
Irish,ainleog
Irish,áinleog
Irish,ainleoir
Irish,ainleoireacht
Irish,ainligh
Irish,ainm
Irish,ainmchlár
Irish,ainmchlásal
Irish,ainmfhocal
Irish,ainmheach
Irish,ainmheasartha
Irish,ainmheasarthacht
Irish,ainmhéid
Irish,ainmhí
Irish,ainmhian
Irish,ainmhianach
Irish,ainmhín
Irish,ainmhinic
Irish,ainmhíoch
Irish,ainmhíocht
Irish,ainmiúil
Irish,ainmliosta
Irish,ainmneach
Irish,ainmneoir
Irish,ainmní
Irish,ainmnigh
Irish,ainmníoch
Irish,ainmníochas
Irish,ainmníocht
Irish,ainmnitheach
Irish,ainmnitheoir
Irish,ainmniú
Irish,ainmniúchán
Irish,ainmniúchas
Irish,ainmniúil
Irish,ainnear
Irish,ainneart
Irish,ainneoin
Irish,ainneonach
Irish,ainneor
Irish,ainnir
Irish,ainnirt
Irish,ainnis
Irish,ainnise
Irish,ainniseoir
Irish,ainreacht
Irish,ainreachta
Irish,ainriail
Irish,ainrialachas
Irish,ainrialaí
Irish,ainrialta
Irish,ainrianaí
Irish,ainrianta
Irish,ainriantacht
Irish,ainriar
Irish,ainriata
Irish,ainriocht
Irish,ainriochtach
Irish,ainriochtán
Irish,ainscian
Irish,ainscianta
Irish,ainsciantacht
Irish,ainseabhaí
Irish,ainseal
Irish,ainsealach
Irish,ainsheascair
Irish,ainshrianta
Irish,áinsí
Irish,ainsil
Irish,ainsile
Irish,ainsiléad
Irish,ainsín
Irish,áinsíoch
Irish,ainspianta
Irish,ainspiantacht
Irish,ainspiorad
Irish,ainsprid
Irish,aint
Irish,ainteafan
Irish,ainteafanúil
Irish,ainteann
Irish,ainteas
Irish,ainteastach
Irish,aintéine
Irish,aintéineach
Irish,aintéinín
Irish,aintéiníneach
Irish,ainteinne
Irish,ainteirt
Irish,aintiarna
Irish,aintiarnas
Irish,aintiarnúil
Irish,Aintillíoch
Irish,aintín
Irish,aintiún
Irish,aintréan
Irish,aintreise
Irish,aíoch
Irish,aíocht
Irish,aíochtach
Irish,aíochtlann
Irish,aíonna
Irish,aipche
Irish,aipeiriadach
Irish,aipí
Irish,aipindic
Irish,aipindiceach
Irish,air
Irish,airbhe
Irish,airbheartaigh
Irish,airbhire
Irish,airc
Irish,áirc
Irish,aircéa-
Irish,airceach
Irish,Aircéach
Irish,airceachán
Irish,airceadal
Irish,airceas
Irish,aircéi-
Irish,Aircéiche
Irish,airceintrean
Irish,aircheadal
Irish,airchinneach
Irish,airchis
Irish,aircín
Irish,aircis
Irish,aird
Irish,aird-
Irish,airde
Irish,airdeacht
Irish,airdeall
Irish,airdeallach
Irish,airdeallaí
Irish,airdemhéadar
Irish,airdeoga
Irish,airdhe
Irish,airdhirc
Irish,airdigh
Irish,airdill
Irish,airdiúil
Irish,airdiúlacht
Irish,airdrí(gh)
Irish,airdrinn
Irish,aire
Irish,aireach
Irish,aireachas
Irish,aireachasaigh
Irish,aireacht
Irish,aireachtáil
Irish,aireachtas
Irish,aireag
Irish,aireagal
Irish,aireagán
Irish,aireaghdha
Irish,airéal
Irish,aireamh
Irish,áireamh
Irish,airear
Irish,airéic
Irish,airéile
Irish,airéine
Irish,airg
Irish,airge
Irish,áirge
Irish,airgead
Irish,airgeadaí
Irish,airgeadaigh
Irish,airgeadaíocht
Irish,airgeadán
Irish,airgeadas
Irish,airgeadóir
Irish,airgeadra
Irish,airgeadsnáithe
Irish,airgeadú
Irish,airgeadúil
Irish,airghe
Irish,airgheach
Irish,áirgheach
Irish,airgid
Irish,airgidín
Irish,Airgintíneach
Irish,áirgiúil
Irish,áirgiúlacht
Irish,airgtheach
Irish,airgtheoir
Irish,airí
Irish,áirí
Irish,áiria
Irish,airichill
Irish,airicín
Irish,airicis
Irish,áirid
Irish,airidheacht
Irish,airigh
Irish,áirigh
Irish,airil
Irish,airimh
Irish,áirimh
Irish,airíoch
Irish,airíocht
Irish,airíonna
Irish,airir
Irish,airis
Irish,áirithe
Irish,airitheach
Irish,airitheoir
Irish,áiritheoir
Irish,áirithigh
Irish,áirithíocht
Irish,airiú
Irish,airle
Irish,airleacan
Irish,airleacán
Irish,airleacánacht
Irish,airleach
Irish,airleog
Irish,airleogach
Irish,airlimint
Irish,airm
Irish,Airméanach
Irish,áirmheach
Irish,áirmhéadar
Irish,airmheán
Irish,airmheirg
Irish,airmhidin
Irish,áirmhigh
Irish,airmis
Irish,airne
Irish,airneán
Irish,airneánach
Irish,airnéis
Irish,airneog
Irish,airnimint
Irish,airp
Irish,airrcis
Irish,áirse
Irish,áirseoir
Irish,áirsidh
Irish,airsín
Irish,airteagal
Irish,airtéire
Irish,airtéiseach
Irish,airthe
Irish,airthinneach
Irish,airtléire
Irish,airtríteas
Irish,ais
Irish,ais-
Irish,áis
Irish,aisbhreathnaigh
Irish,aisbhreathnaitheach
Irish,aisbhreathnú
Irish,aisc
Irish,aisce
Irish,aisceánach
Irish,aischasta
Irish,aischéim
Irish,aischéimnigh
Irish,aischéimnitheach
Irish,aischéimniú
Irish,aischothú
Irish,aischuir
Irish,aischur
Irish,aiscthe
Irish,áise
Irish,aiseach
Irish,Áiseach
Irish,áiseacht
Irish,aiséadach
Irish,aiseag
Irish,aiseagann
Irish,aiseagtha
Irish,aiseagthóir
Irish,aiseal
Irish,aiseanna
Irish,áiseanna
Irish,aiseipteach
Irish,aiséirí
Irish,aiséirigh
Irish,aiséiteach
Irish,aiséitiúil
Irish,aiseolas
Irish,aiseotróp
Irish,aiseotrópach
Irish,aisfhillteach
Irish,aisfhreagra
Irish,aisfhreagrach
Irish,aisfhuaimnigh
Irish,aisfhuaimniú
Irish,aisghabh
Irish,aisghabháil
Irish,aisghair
Irish,aisghairm
Irish,aisghníomhach
Irish,aisghníomhaigh
Irish,aisghníomhaíocht
Irish,aisghníomhú
Irish,aisig
Irish,aisil
Irish,aisiléir
Irish,aisiléireacht
Irish,aisíoc
Irish,aisíocaíocht
Irish,aisiompaigh
Irish,aisiompaitheach
Irish,aisiompú
Irish,Aisiriach
Irish,aisiríoch
Irish,áisiúil
Irish,áisiúlacht
Irish,aisle
Irish,aisléasaigh
Irish,aisléim
Irish,aisléimeach
Irish,aisléine
Irish,aisling
Irish,aislingeach
Irish,aislingeacht
Irish,aisnéal
Irish,aisnéalach
Irish,aisnéidh
Irish,aispeist
Irish,aisréad
Irish,aistarraing
Irish,aistarraingt
Irish,aiste
Irish,aisteach
Irish,aisteachas
Irish,aistear
Irish,aistearach
Irish,aisteoir
Irish,aisteoireacht
Irish,aisti
Irish,aistí
Irish,aistíl
Irish,aistíoch
Irish,aistiogmatach
Irish,aistiogmatacht
Irish,aistir
Irish,aistire
Irish,aistiúil
Irish,aistreach
Irish,aistreán
Irish,aistreánach
Irish,aistreog
Irish,aistreoir
Irish,aistrí
Irish,aistrigh
Irish,aistritheach
Irish,aistritheacht
Irish,aistritheoir
Irish,aistriú
Irish,aistriúchán
Irish,ait
Irish,áit
Irish,áitainm
Irish,aitchim
Irish,áiteachadh
Irish,aiteacht
Irish,aiteal
Irish,aiteall
Irish,aitealladh
Irish,áiteamh
Irish,aiteann
Irish,áiteanna
Irish,aiteannach
Irish,aiteas
Irish,aiteasach
Irish,áiteoireacht
Irish,aith-
Irish,áith
Irish,aithbhe
Irish,aithbhear
Irish,aithchim
Irish,aithe
Irish,áithe
Irish,aitheach
Irish,aitheadh
Irish,áitheadóir
Irish,áitheadóireacht
Irish,áitheanna
Irish,aitheanta
Irish,aitheantach
Irish,aitheantas
Irish,aitheantóir
Irish,aitheantúil
Irish,aithearrach
Irish,áitheas
Irish,áitheasach
Irish,aitheasc
Irish,aitheascal
Irish,aithghearr
Irish,aithghiorra
Irish,aithid
Irish,aithidhe
Irish,aithigh
Irish,aithin
Irish,aithinne
Irish,aithint
Irish,aithis
Irish,áithis
Irish,aithisc
Irish,aithiseach
Irish,aithiseoir
Irish,aithisigh
Irish,aithisiú
Irish,aithle
Irish,aithleá
Irish,aithleaghaidh
Irish,aithleasc
Irish,aithmhéala
Irish,aithmhéile
Irish,aithne
Irish,Aithneach
Irish,aithneachtáil
Irish,aithneann
Irish,aithnid
Irish,aithnidiúil
Irish,aithnigh
Irish,aithníonn
Irish,aithniú
Irish,aithreach
Irish,aithreacha
Irish,aithreachas
Irish,aithréire
Irish,aithreo
Irish,aithrí
Irish,aithríche
Irish,áithrid
Irish,aithrinneach
Irish,aithríoch
Irish,aithris
Irish,aithriseach
Irish,aithriseoir
Irish,aithriseoireacht
Irish,aithrist
Irish,aithriúil
Irish,áitigh
Irish,aitil
Irish,aitill
Irish,aitim
Irish,aitinn
Irish,áitíocht
Irish,aitis
Irish,áitithe
Irish,áititheach
Irish,áititheoir
Irish,áititheoireacht
Irish,áitiú
Irish,áitiúil
Irish,áitiúlachas
Irish,áitiús
Irish,áitreabh
Irish,áitreabhach
Irish,aitreabúid
Irish,aitreabúideach
Irish,áitreamh
Irish,aitriam
Irish,áitribh
Irish,áitrigh
Irish,áitritheoir
Irish,áivé
Irish,ál
Irish,ala
Irish,ála
Irish,alabard
Irish,alabhog
Irish,alabhreac
Irish,áladh
Irish,alafatach
Irish,alainín
Irish,álainn
Irish,álainneacht
Irish,alaisceach
Irish,alamais
Irish,aláram
Irish,alasairin
Irish,alasam
Irish,Alascach
Irish,alastram
Irish,alatán
Irish,alathe
Irish,albaimin
Irish,albaimineach
Irish,Albáinis
Irish,albam
Irish,Albanach
Irish,Albánach
Irish,albastar
Irish,albatras
Irish,albha
Irish,álbhach
Irish,alcaile
Irish,alcaileach
Irish,alcaileacht
Irish,alcailiméadracht
Irish,alcalóideach
Irish,alchaing
Irish,alcól
Irish,alcólach
Irish,ald
Irish,aldaistéarón
Irish,aldól
Irish,aldóláis
Irish,aleis
Irish,alfa
Irish,alfa-cháithnín
Irish,alfa-gha
Irish,alfa-héilics
Irish,alfalfa
Irish,alfraits
Irish,alfraitsíocht
Irish,alga
Irish,algach
Irish,algeolaí
Irish,algeolaíocht
Irish,álghas
Irish,all
Irish,alla
Irish,allabhair
Irish,allabhog
Irish,allabhrach
Irish,allach
Irish,alladh
Irish,allagar
Irish,allaidh
Irish,allaíre
Irish,allaiseach
Irish,allait
Irish,allantóis
Irish,allapatrach
Irish,allar
Irish,allas
Irish,allás
Irish,allasaigh
Irish,allasúil
Irish,allatán
Irish,allatróp
Irish,allatrópach
Irish,allatrópacht
Irish,allbhéalach
Irish,allchálach
Irish,allmhaire
Irish,allmhaireoir
Irish,allmhairigh
Irish,allmhairiú
Irish,allmharach
Irish,allmhartha
Irish,allmhurach
Irish,allta
Irish,alltacht
Irish,alltán
Irish,alltar
Irish,alltarach
Irish,alltathír
Irish,alltrach
Irish,alltracha
Irish,alluaiceach
Irish,allúntas
Irish,allúrach
Irish,Almáinis
Irish,almais
Irish,almanag
Irish,almas
Irish,almóinn
Irish,almóir
Irish,almsa
Irish,almsach
Irish,almsóir
Irish,almsóireacht
Irish,aló
Irish,alóg
Irish,alp
Irish,alpach
Irish,alpadh
Irish,alpaire
Irish,alpaireacht
Irish,alpán
Irish,alpartha
Irish,alptha
Irish,alpúil
Irish,Alsáiseach
Irish,alt
Irish,ált
Irish,álta
Irish,altach
Irish,altadh
Irish,altaigh
Irish,altair
Irish,altaitheach
Irish,altán
Irish,altanna
Irish,altóir
Irish,altraid
Irish,altram
Irish,altramaí
Irish,altramaigh
Irish,altramas
Irish,altramú
Irish,altranas
Irish,altrúchas
Irish,altú
Irish,alúin
Irish,alúm
Irish,alúmana
Irish,alúmanach
Irish,alúmanam
Irish,alúntas
Irish,am
Irish,ama
Irish,amach
Irish,amachaigí
Irish,ámad
Irish,amadáinín
Irish,amadán
Irish,amadánta
Irish,amadántacht
Irish,amadóir
Irish,amaí
Irish,amaid
Irish,amaideach
Irish,amaideacht
Irish,amaidí
Irish,amáille
Irish,amainiris
Irish,amainít
Irish,amáireach
Irish,amaitéarach
Irish,amal
Irish,amal
Irish,amalach
Irish,amaláis
Irish,amalóg
Irish,amalóir
Irish,amalós
Irish,amanathar
Irish,amanna
Irish,amanta
Irish,amaoile
Irish,ámar
Irish,amarac
Irish,amarach
Irish,amárach
Irish,amarantas
Irish,amarca
Irish,amaróid
Irish,amarrán
Irish,amas
Irish,amás
Irish,amasach
Irish,amasaigh
Irish,Amasóin
Irish,amatól
Irish,ambaiste
Irish,ambasadóir
Irish,ambasadóireacht
Irish,ambasáid
Irish,ambróise
Irish,amchlár
Irish,amchrios
Irish,améan
Irish,ameasc
Irish,amfa(i)-
Irish,amfaibiach
Irish,amfaimiscis
Irish,amfaimisciseach
Irish,amfaiteireach
Irish,amfapód
Irish,amfapódach
Irish,amh
Irish,ámh
Irish,amhábhar
Irish,amhail
Irish,ámhaill
Irish,ámhailleacht
Irish,ámhaillí
Irish,ámhaillíocht
Irish,amhailt
Irish,amháin
Irish,amhainse
Irish,amhainseach
Irish,amhairisc
Irish,amhairseach
Irish,amhaisc
Irish,amhanc
Irish,amhantar
Irish,amhantrach
Irish,amhantraí
Irish,amhantraíocht
Irish,ámharach
Irish,ámharaí
Irish,amharc
Irish,amharcach
Irish,amharcaíl
Irish,amharclann
Irish,amharclannach
Irish,amharctha
Irish,amharsaíocht
Irish,amhas
Irish,amhasach
Irish,amhasc
Irish,amhasmhar
Irish,amhasóireacht
Irish,amhastrach
Irish,amhastraigh
Irish,amhchaoin
Irish,amhdachtáil
Irish,amhdaigh
Irish,amhdhorchacht
Irish,amhgar
Irish,amhiarann
Irish,amhlabhra
Irish,amhlabhrach
Irish,amhlachas
Irish,amhlaidh
Irish,amhlán
Irish,amhlánta
Irish,amhlántacht
Irish,amhlóir
Irish,amhluadh
Irish,amhluath
Irish,amhnáireach
Irish,amhnas
Irish,amhóg
Irish,amhola
Irish,amhra
Irish,amhraisteach
Irish,amhrán
Irish,amhránach
Irish,amhránaí
Irish,amhránaíocht
Irish,amhras
Irish,amhrasach
Irish,amhrasán
Irish,amhsach
Irish,amhsaine
Irish,amhsán
Irish,amhscarthanach
Irish,amhsheithe
Irish,amhsóir
Irish,amhtais
Irish,amhthrasc
Irish,amhthroid
Irish,amhulchach
Irish,amlachán
Irish,amlás
Irish,amlóg
Irish,amlógacht
Irish,amlóir
Irish,amlóireacht
Irish,amlú
Irish,ámóg
Irish,amogha
Irish,amóinia
Irish,amóiniam
Irish,amóinít
Irish,amónal
Irish,ampaill
Irish,amparán
Irish,ampla
Irish,amplach
Irish,amplachán
Irish,amplaigh
Irish,amplais
Irish,amplóir
Irish,amplúil
Irish,amscaí
Irish,amscaíocht
Irish,amscála
Irish,amú
Irish,amuí
Irish,amuigh
Irish,amús
Irish,an
Irish,an-
Irish,án
Irish,ana
Irish,ana-
Irish,ana(i)
Irish,anabaí
Irish,anabaíocht
Irish,anabalach
Irish,anabalacht
Irish,anábhailleach
Irish,anacair
Irish,anacaireach
Irish,anacal
Irish,anach
Irish,anachain
Irish,anacmhainn
Irish,anacra
Irish,anacrach
Irish,anacraí
Irish,anacróir
Irish,anacrónachas
Irish,anaemach
Irish,anaemacht
Irish,anaeróbach
Irish,anafais
Irish,anagal
Irish,anagram
Irish,anaibidh
Irish,anaic
Irish,anaicme
Irish,anáid
Irish,anail
Irish,anáil
Irish,anailgéiseach
Irish,anailid
Irish,anailín
Irish,anailís
Irish,anailíseach
Irish,anailísí
Irish,anailísigh
Irish,anailísiú
Irish,anaimsir
Irish,anáir
Irish,anairde
Irish,anaireach
Irish,anairí
Irish,anairt
Irish,anaiste
Irish,ánaiste
Irish,anaisteach
Irish,anaistiogmat
Irish,anaistiogmatach
Irish,anaiteas
Irish,anaithe
Irish,anaithiúil
Irish,anaithne
Irish,anaithnid
Irish,anaitis
Irish,anál
Irish,anála
Irish,analach
Irish,análach
Irish,análacha
Irish,analachúil
Irish,análaigh
Irish,análaitheoir
Irish,anall
Irish,anallas
Irish,anallód
Irish,analóg
Irish,analógach
Irish,análú
Irish,anam
Irish,an-am
Irish,anamachas
Irish,anamchairdeas
Irish,anamchara
Irish,anámhailleach
Irish,anamhain
Irish,anamhóin
Irish,anamimirce
Irish,anamnacha
Irish,anamóine
Irish,anamúil
Irish,anamúlacht
Irish,anandrach
Irish,anann
Irish,anaoibh
Irish,anaoibhinn
Irish,anaoibhiúil
Irish,anaoibhneas
Irish,anaosta
Irish,anaostacht
Irish,anapas
Irish,anarmónach
Irish,anaróideach
Irish,anársa
Irish,anas
Irish,anás
Irish,anasach
Irish,anásta
Irish,anastamóis
Irish,anastán
Irish,anastróf
Irish,anatamaí
Irish,anatamaíocht
Irish,anatas
Irish,anba
Irish,anbhá
Irish,anbhách
Irish,anbháil
Irish,anbhainne
Irish,anbhainnigh
Irish,anbhal
Irish,anbhann
Irish,anbharr
Irish,anbharúil
Irish,anbharúlach
Irish,anbhás
Irish,anbháthach
Irish,anbháthadh
Irish,anbheithíoch
Irish,anbhfáilte
Irish,anbhfainne
Irish,anbhfala
Irish,anbhfann
Irish,anbhfola
Irish,anbhrath
Irish,anbhroic
Irish,anbhroid
Irish,anbhruith
Irish,anbhuain
Irish,anbhuaineach
Irish,ancaíl
Irish,ancaire
Irish,ancaireacht
Irish,ancairt
Irish,ancalóis
Irish,ancard
Irish,anchaitheamh
Irish,anchaoi
Irish,anchás
Irish,anchoda
Irish,anchor
Irish,anchroí
Irish,anchroíoch
Irish,anchruth
Irish,anchruthach
Irish,anchuid
Irish,an-chuid
Irish,anchúinse
Irish,anchúinseach
Irish,anchúinseacht
Irish,anchuma
Irish,anchumhacht
Irish,anchumtha
Irish,anchúram
Irish,anchúramach
Irish,andaidh
Irish,andairneacht
Irish,andána
Irish,andánacht
Irish,andaoine
Irish,andar
Irish,andeas
Irish,andóch
Irish,andóchas
Irish,andóchasach
Irish,andóigh
Irish,Andórach
Irish,andorchacht
Irish,andord
Irish,andr
Irish,andraigin
Irish,andraigineach
Irish,andraiméid
Irish,andraspór
Irish,andúchasach
Irish,andúil
Irish,andúileach
Irish,anduine
Irish,andúir
Irish,ané
Irish,aneachtair
Irish,aneas
Irish,anfa
Irish,anfach
Irish,anfacht
Irish,anfais
Irish,anfaiseach
Irish,anfháilte
Irish,anfhaiteach
Irish,anfhala
Irish,anfhás
Irish,anfhlaith
Irish,anfhlaitheach
Irish,anfhlaitheas
Irish,anfhocal
Irish,anfhochain
Irish,anfhoirfe
Irish,anfhoirlinneach
Irish,anfhola
Irish,anfholláin
Irish,anfholláine
Irish,anfhollas
Irish,anfhorlann
Irish,anfhorlannach
Irish,anfhortacht
Irish,anfhurasta
Irish,anfúil
Irish,ang
Irish,anga(i)-
Irish,angach
Irish,angadh
Irish,angaid
Irish,angaidh
Irish,angailt
Irish,angaíoch
Irish,angaíocht
Irish,angaispeirm
Irish,angaispeirmeach
Irish,angar
Irish,angarach
Irish,angarais
Irish,angarúinneach
Irish,angbhaidh
Irish,anghlonn
Irish,anghlonnach
Irish,anghlór
Irish,anghrá
Irish,anghrách
Irish,angla
Irish,anglá
Irish,Anglacánach
Irish,anglach
Irish,anglais
Irish,anglait
Irish,anglán
Irish,Angla-Normannach
Irish,anglánta
Irish,anglántacht
Irish,Angla-Shacsanach
Irish,anglóir
Irish,Angólach
Irish,angóra
Irish,angúil
Irish,aniar
Irish,aníos
Irish,aniu
Irish,anlacan
Irish,anlacanaí
Irish,anlaith
Irish,anlann
Irish,anlasánta
Irish,anlathach
Irish,anlathas
Irish,anleisciúil
Irish,anlocht
Irish,anluascach
Irish,anlucht
Irish,anluchtaigh
Irish,anma
Irish,anmain
Irish,anman
Irish,anmhacnas
Irish,anmhaidin
Irish,anmhailís
Irish,anmhailíseach
Irish,anmhain
Irish,anmhór
Irish,anmhórán
Irish,ann
Irish,annáil
Irish,annaimhe
Irish,annalach
Irish,annálaí
Irish,annalas
Irish,annamh
Irish,annamhacht
Irish,anndúir
Irish,annla
Irish,annóid
Irish,anns-
Irish,annsan
Irish,annso
Irish,annspianta
Irish,annsúd
Irish,annúlacht
Irish,anó
Irish,anóch
Irish,anocht
Irish,anocsacht
Irish,anoíche
Irish,anóid
Irish,anóideach
Irish,anoir
Irish,anoircheas
Irish,anóirthear
Irish,anois
Irish,anóiteach
Irish,anonn
Irish,anord
Irish,anordú
Irish,anordúil
Irish,anórthar
Irish,anos
Irish,ánra
Irish,anrachán
Irish,anracht
Irish,ánradh
Irish,anraid
Irish,anraith
Irish,ánrata
Irish,anrath
Irish,anrathach
Irish,anró
Irish,anróiteach
Irish,anróiteacht
Irish,ánroth
Irish,anrud
Irish,ansa
Irish,ansacht
Irish,ansan
Irish,ansciath
Irish,ansclábhaíocht
Irish,anscoilt
Irish,anscuithe
Irish,anseo
Irish,anshocair
Irish,anshocracht
Irish,anshógh
Irish,ánshraith
Irish,ansin
Irish,ansiúd
Irish,ansmacht
Irish,ansmachtaí
Irish,ansmachtaigh
Irish,ansmachtúil
Irish,anso
Irish,anspás
Irish,anstró
Irish,anstrólaí
Irish,anstrólaíocht
Irish,ansúd
Irish,anta(i)-
Irish,antachlaonasach
Irish,antadromach
Irish,antaibheathach
Irish,antaigin
Irish,antaigineach
Irish,antairidiam
Irish,antairíneam
Irish,antaiseipteach
Irish,antaiseipteán
Irish,antaithéachtach
Irish,antamón
Irish,antapódach
Irish,antar
Irish,Antartach
Irish,antashubstaint
Irish,antatocsain
Irish,antlachán
Irish,antlás
Irish,antlásach
Irish,antó(i)-
Irish,antóiciainin
Irish,antoil
Irish,antoisceach
Irish,antraicéin
Irish,antraicít
Irish,antraipeolaí
Irish,antraipeolaíocht
Irish,antrap
Irish,antrapaigineas
Irish,antrapóideach
Irish,antrasc
Irish,antrasóideach
Irish,antráth
Irish,antráthach
Irish,antrom
Irish,antuisceanach
Irish,antuiscint
Irish,antúr
Irish,anuabhar
Irish,anuaibhreach
Irish,anuaidh
Irish,anuaill
Irish,anuair
Irish,anuaisle
Irish,anuaisleacht
Irish,anuallach
Irish,anuas
Irish,anuasal
Irish,anuasana
Irish,anúdarásach
Irish,anullamh
Irish,anumhal
Irish,anumhlaíocht
Irish,anúra
Irish,anúrach
Irish,anuraidh
Irish,anurraim
Irish,aobh
Irish,aobha
Irish,aobhdha
Irish,aodh
Irish,aodhaire
Irish,aogall
Irish,aoi
Irish,aoibh
Irish,aoibheall
Irish,aoibheallach
Irish,aoibhinn
Irish,aoibhiúil
Irish,aoibhiúlacht
Irish,aoibhle
Irish,aoibhneas
Irish,aoidh
Irish,aoidheach
Irish,aoigheach
Irish,aoile
Irish,aoileach
Irish,aoileann
Irish,aoin
Irish,aoine
Irish,aoineán
Irish,aoinfheacht
Irish,aoinfhear
Irish,aoinle
Irish,aoinne
Irish,aoinneach
Irish,aointe
Irish,aointeach
Irish,aointigheachas
Irish,aoir
Irish,aoirde
Irish,aoire
Irish,aoirigh
Irish,aois
Irish,aoitheo
Irish,aol
Irish,aol-
Irish,aolbhach
Irish,aolbhrugh
Irish,aolchlais
Irish,aolchloch
Irish,aolchneas
Irish,aolchoinneal
Irish,aolchorp
Irish,aolchrobh
Irish,aolchuisne
Irish,aoldath
Irish,aoldathaigh
Irish,aolgheal
Irish,aolghealadh
Irish,aolmhar
Irish,aolta
Irish,aoluisce
Irish,aom
Irish,aomh
Irish,aomthach
Irish,aon
Irish,aon-
Irish,aonach
Irish,aonachas
Irish,aonad
Irish,aonadach
Irish,aon-adamhach
Irish,aonadfhad
Irish,aonaigh
Irish,aonaíoch
Irish,aon-aiseach
Irish,aonán
Irish,aonánach
Irish,aonar
Irish,aonarach
Irish,aonaracht
Irish,aonarán
Irish,aonaránach
Irish,aonaránacht
Irish,aonartha
Irish,aonbheannach
Irish,aonbhunata
Irish,aoncheallach
Irish,aonchéileach
Irish,aonchéileachas
Irish,aonchiallach
Irish,aonchineálach
Irish,aonchineálacht
Irish,aonda
Irish,aondachtaí
Irish,aondathach
Irish,aondiachas
Irish,aondrongach
Irish,aondumha
Irish,aonfhiúsach
Irish,aonfhoirmeach
Irish,aon-fhorchéim
Irish,aongheal
Irish,aonghin
Irish,aonghnéasach
Irish,aonghnéitheach
Irish,aonlárnach
Irish,aonlocalach
Irish,aonmhac
Irish,aonmhadh
Irish,aonmhóilíneach
Irish,aon-núicléach
Irish,aon-núicléatach
Irish,aonocsaíd
Irish,aonpholach
Irish,aonracán
Irish,aonrach
Irish,aonraic
Irish,aonraigh
Irish,aonraitheoir
Irish,aonraonach
Irish,aonréad
Irish,aonréadaí
Irish,aonrú
Irish,aonscoth
Irish,aonseilbh
Irish,aonsiollach
Irish,aonstádach
Irish,aonstádas
Irish,aonsúileach
Irish,aonta
Irish,aontach
Irish,aontacht
Irish,aontachtaí
Irish,aontaí
Irish,aontaigh
Irish,aontaitheach
Irish,aontaitheoir
Irish,aontaobhach
Irish,aontas
Irish,aonteangach
Irish,aontéarmach
Irish,aontíos
Irish,aonton
Irish,aontonach
Irish,aontreoch
Irish,aontú
Irish,aontumha
Irish,aonú
Irish,aor
Irish,aorach
Irish,aorachas
Irish,aorta
Irish,aortach
Irish,aortha
Irish,aorthann
Irish,aorthóir
Irish,aorúil
Irish,aos
Irish,aosáid
Irish,aosáideach
Irish,aosaigh
Irish,aosán
Irish,aosánach
Irish,aosántacht
Irish,aosóga
Irish,aosta
Irish,aostach
Irish,aostacht
Irish,aosú
Irish,aothaigh
Irish,aothú
Irish,ap
Irish,ápa
Irish,apacailipsis
Irish,apacailipteach
Irish,apacarpach
Irish,apacrafa
Irish,apacrafúil
Irish,apagamacht
Irish,apaigh
Irish,apaigí
Irish,apaipléis
Irish,apaitéiciam
Irish,apaitít
Irish,apalacht
Irish,apastróf
Irish,aplanaspór
Irish,aprún
Irish,apsaint
Irish,apstal
Irish,ápúil
Irish,ar
Irish,ár
Irish,araghaidh
Irish,ara
Irish,ára
Irish,Arabach
Irish,arach
Irish,árach
Irish,aracha
Irish,árachaí
Irish,árachaigh
Irish,árachas
Irish,árachóir
Irish,aracnóideach
Irish,arad
Irish,aradh
Irish,áradh
Irish,aradha
Irish,aradhnach
Irish,arae
Irish,aragail
Irish,aragal
Irish,araí
Irish,Araibis
Irish,araicis
Irish,araiciseach
Irish,araicnid
Irish,araid
Irish,araidheacht
Irish,áraigh
Irish,araile
Irish,araíocht
Irish,araíon
Irish,araíonach
Irish,araíonacha
Irish,araíonacht
Irish,áraistí
Irish,aral
Irish,aralt
Irish,araltach
Irish,araltas
Irish,áram
Irish,Aramais
Irish,aramatach
Irish,arán
Irish,arann
Irish,árann
Irish,Árannach
Irish,aranta
Irish,araoid
Irish,araon
Irish,ararút
Irish,áras
Irish,arasaipil
Irish,árasán
Irish,arasbarr
Irish,áraslann
Irish,arathar
Irish,arceann
Irish,arc
Irish,arcachán
Irish,arcagóiniam
Irish,arcán
Irish,arcaspórach
Irish,archaingeal
Irish,archeana
Irish,árchú
Irish,arclampa
Irish,arb
Irish,arbatráiste
Irish,arbh
Irish,árbhach
Irish,arbhar
Irish,arbhú
Irish,ard
Irish,ard-
Irish,arda
Irish,ardach
Irish,ardaidhm
Irish,ardaidhmeannach
Irish,ardaidiúnach
Irish,Ard-Aifreann
Irish,ardaigeanta
Irish,ardaigeantacht
Irish,ardaigh
Irish,Ard-Aighne
Irish,ardaingeal
Irish,ardainmhí
Irish,ardaíocht
Irish,ardaitheach
Irish,ardaitheoir
Irish,ardall
Irish,ardán
Irish,ardánacht
Irish,ardathair
Irish,ardbhaile
Irish,ardbholg
Irish,ardbhrú
Irish,ardchathair
Irish,ardcheann
Irish,ardcheannach
Irish,ardcheannas
Irish,ardcheannasach
Irish,ardchéim
Irish,ardchéimíocht
Irish,ardchéimiúil
Irish,ardchinn
Irish,ardchíos
Irish,ardchlár
Irish,ardchléireach
Irish,ardchomhairle
Irish,ardchúirt
Irish,ardchumhacht
Irish,ard-deagánach
Irish,ard-deoise
Irish,ard-diúc
Irish,ardéacht
Irish,ardeaglais
Irish,ardeaspag
Irish,ardeaspagóideacht
Irish,ardfhear
Irish,ardfheidhmeannach
Irish,Ard-Fheis
Irish,ardfhlaith
Irish,ardfhlaitheas
Irish,ardfhuil
Irish,ardghinearál
Irish,ardghlórach
Irish,ardimrim
Irish,ardintinneach
Irish,ardlá
Irish,Ard-Laidin
Irish,ardléann
Irish,ardleicneach
Irish,ardmháistir
Irish,ardmháistreás
Irish,ardmhaor
Irish,ardmháta
Irish,ardmhatamaitic
Irish,ardmheán
Irish,ardmhéara
Irish,ardmheas
Irish,ardmhian
Irish,ardnós
Irish,ardnósach
Irish,ardóg
Irish,ardoifig
Irish,ardoifigeach
Irish,ardrang
Irish,ardréim
Irish,ardrí
Irish,ardríocht
Irish,ardsagart
Irish,ardsaothar
Irish,ardscoil
Irish,ardteistiméireacht
Irish,ardtiarna
Irish,ardtiarnas
Irish,ardtráthnóna
Irish,ardtréas
Irish,ardú
Irish,ardualach
Irish,arduallach
Irish,aréir
Irish,arg
Irish,argail
Irish,argáil
Irish,argaimint
Irish,argain
Irish,argainín
Irish,argaint
Irish,argaintít
Irish,arganach
Irish,arganáis
Irish,argánta
Irish,argóin
Irish,argóint
Irish,argóinteach
Irish,argóinteacht
Irish,argón
Irish,argónaí
Irish,argónann
Irish,argtha
Irish,argthóir
Irish,ariamh
Irish,arís
Irish,arlacan
Irish,arm
Irish,armacach
Irish,armacas
Irish,armach
Irish,armadóir
Irish,armadóireacht
Irish,armaid
Irish,armáid
Irish,armáil
Irish,Armarcach
Irish,armas
Irish,armatúr
Irish,armbheart
Irish,armchúirt
Irish,armghéag
Irish,ármhá
Irish,ármhach
Irish,ármhar
Irish,armlann
Irish,armlón
Irish,armóin
Irish,armónach
Irish,armónaí
Irish,armónaigh
Irish,armónú
Irish,armrua
Irish,armshlua
Irish,armtha
Irish,armúr
Irish,armúrtha
Irish,arna
Irish,arnach
Irish,arnaidh
Irish,arnár
Irish,arócar
Irish,aróg
Irish,arracht
Irish,arrachtach
Irish,arrachtas
Irish,arraing
Irish,arraingeach
Irish,arraíocht
Irish,arranta
Irish,arsa
Irish,ársa
Irish,ársaí
Irish,ársaigh
Irish,ársaíocht
Irish,ársaitheoir
Irish,arsanach
Irish,arsanaic
Irish,ársanta
Irish,arsanúil
Irish,ársóir
Irish,ársú
Irish,art
Irish,artabháil
Irish,Artach
Irish,artaire
Irish,artaireach
Irish,artha
Irish,árthach
Irish,arthú
Irish,artóg
Irish,artola
Irish,artrapód
Irish,artrapódach
Irish,Artúrach
Irish,arú
Irish,arúil
Irish,arúlacht
Irish,as
Irish,ás
Irish,ásach
Irish,asadh
Irish,asaibh
Irish,asaile
Irish,asáilia
Irish,asainn
Irish,asair
Irish,asáitigh
Irish,asáitiú
Irish,asal
Irish,asam
Irish,asamat
Irish,asamatach
Irish,asamtóit
Irish,asamtóiteach
Irish,asán
Irish,asanálaigh
Irish,asanálú
Irish,ásanna
Irish,asarlaí
Irish,asarlaíocht
Irish,asat
Irish,asbhaint
Irish,asbheir
Irish,asbheirt
Irish,ásc
Irish,ascacarp
Irish,ascaid
Irish,ascaideach
Irish,ascaidh
Irish,ascaill
Irish,ascaimícéit
Irish,ascain
Irish,ascalach
Irish,ascalaigh
Irish,ascall
Irish,ascallach
Irish,ascallaí
Irish,ascallán
Irish,ascalt
Irish,ascaltóir
Irish,ascalú
Irish,ascar
Irish,ascart
Irish,ascartach
Irish,ascartha
Irish,ascas
Irish,ascaspór
Irish,aschur
Irish,asclach
Irish,asclán
Irish,ascnaíonn
Irish,ascnamh
Irish,ascorbach
Irish,asfalt
Irish,asghabhdóir
Irish,aslach
Irish,aslaigh
Irish,aslonnaí
Irish,aslonnaigh
Irish,aslonnú
Irish,aslú
Irish,asma
Irish,asmach
Irish,asna
Irish,asnaid
Irish,asó-
Irish,asóch
Irish,asóruaim
Irish,asp
Irish,aspa
Irish,aspach
Irish,aspairín
Irish,aspal
Irish,aspalacht
Irish,aspalda
Irish,aspalóid
Irish,aspanna
Irish,asparagas
Irish,aspartach
Irish,asplanád
Irish,asplóid
Irish,asrais
Irish,astaigh
Irish,astaíocht
Irish,astaíre
Irish,astar
Irish,astaróideach
Irish,astatach
Irish,astitim
Irish,astoigh
Irish,astrach
Irish,astragal
Irish,astraigh
Irish,Astrálach
Irish,astralaí
Irish,astraláib
Irish,astralaíoch
Irish,astralaíocht
Irish,Astraláiseach
Irish,astu
Irish,astú
Irish,asú
Irish,asúchán
Irish,asúigh
Irish,asúire
Irish,asúiteán
Irish,at
Irish,atá
Irish,atach
Irish,ataicse
Irish,atáille
Irish,atáir
Irish,atáirg
Irish,atáirgeach
Irish,atáirgeadh
Irish,atairiscint
Irish,ataispeáin
Irish,ataispeáint
Irish,atáite
Irish,ataithe
Irish,atal
Irish,átalamh
Irish,atall
Irish,atán
Irish,ataoi
Irish,atar
Irish,ataraicse
Irish,atarlaigh
Irish,atarlú
Irish,atarraing
Irish,atarraingt
Irish,atáthaigh
Irish,atáthar
Irish,atchí
Irish,ateacht
Irish,ateagmhas
Irish,ateagmhasach
Irish,atéamh
Irish,ateangaire
Irish,atéigh
Irish,ateilg
Irish,ateilgean
Irish,atéite
Irish,
Irish,ath-
Irish,áth
Irish,atha
Irish,átha
Irish,áthabha
Irish,athabláil
Irish,athach
Irish,athachtaigh
Irish,athachtú
Irish,athadh
Irish,athadhain
Irish,athadhlacadh
Irish,athadhlaic
Irish,athaid
Irish,athaidh
Irish,athaimsigh
Irish,athaimsiú
Irish,athainmnigh
Irish,athainne
Irish,athair
Irish,athairiúil
Irish,Athair-Mhac
Irish,athais
Irish,athaithne
Irish,atháitigh
Irish,atháitiú
Irish,athallmhairigh
Irish,áthán
Irish,áthanna
Irish,athaontaigh
Irish,athaontú
Irish,athar
Irish,athara
Irish,atharcach
Irish,athardha
Irish,atharmáil
Irish,atharrach
Irish,athartha
Irish,atharthacht
Irish,atharúil
Irish,áthas
Irish,áthasach
Irish,athasc
Irish,athbhaile
Irish,athbhall
Irish,athbhán
Irish,athbhaois
Irish,athbharr
Irish,athbhean
Irish,athbhearradh
Irish,athbhéim
Irish,athbheochan
Irish,athbheocht
Irish,athbheoigh
Irish,athbhille
Irish,athbhiseach
Irish,athbhlas
Irish,athbhliain
Irish,athbhonn
Irish,athbhreith
Irish,athbhreithnigh
Irish,athbhreithniú
Irish,athbhrí
Irish,athbhríoch
Irish,athbhris
Irish,athbhríste
Irish,athbhuachaill
Irish,athbhuail
Irish,athbhuaile
Irish,athbhuailteoir
Irish,athbhuairt
Irish,athbhualadh
Irish,athbhuille
Irish,athbhunaigh
Irish,athbhunú
Irish,athchaidreamh
Irish,athchailín
Irish,athchaint
Irish,athchainteach
Irish,athchairde
Irish,athchairdeas
Irish,athchairt
Irish,athchaite
Irish,athchaora
Irish,athchapall
Irish,athcharadas
Irish,athchas
Irish,athchasadh
Irish,athchasóg
Irish,athcheangail
Irish,athcheangal
Irish,athcheannach
Irish,athcheannaí
Irish,athcheannaigh
Irish,athcheap
Irish,athcheapachán
Irish,athcheapadh
Irish,athcheartaigh
Irish,athcheartú
Irish,athcheistigh
Irish,athcheistiú
Irish,athchlaí
Irish,athchlampaigh
Irish,athchlann
Irish,athchleachtadh
Irish,athchléireach
Irish,athchló
Irish,athchlóigh
Irish,athchlúdach
Irish,athchlúdaigh
Irish,athchluiche
Irish,athchnag
Irish,athchnuchair
Irish,athchodladh
Irish,athchogain
Irish,athchogantach
Irish,athchoilltiú
Irish,athchoimrigh
Irish,athchóip
Irish,athchóipeáil
Irish,athchóirigh
Irish,athchóiriú
Irish,athchoirt
Irish,athchomair
Irish,athchomhair
Irish,athchomhaireamh
Irish,athchomhairle
Irish,athchomhairleach
Irish,athchomhairligh
Irish,athchomhairliú
Irish,ath-chomhcheangal
Irish,athchorpraigh
Irish,athchorprú
Irish,athchostas
Irish,athchóta
Irish,athchraiceann
Irish,athchraol
Irish,athchraoladh
Irish,athchré
Irish,athchróig
Irish,athchrú
Irish,athchruaigh
Irish,athchrúigh
Irish,athchruinnigh
Irish,athchruinniú
Irish,athchruth
Irish,athchruthaigh
Irish,athchruthú
Irish,athchuairt
Irish,athchuardach
Irish,athchuimhne
Irish,athchuimhnitheach
Irish,athchuinghe
Irish,athchuir
Irish,athchum
Irish,athchuma
Irish,athchumadh
Irish,athchur
Irish,athchúrsa
Irish,athd-
Irish,athdháil
Irish,athdháileadh
Irish,athdháir
Irish,athdhathaigh
Irish,athdhealbhaigh
Irish,athdhéan
Irish,athdhéanamh
Irish,athdhearbhaigh
Irish,athdhearbhú
Irish,athdheilbhigh
Irish,athdheimhnigh
Irish,athdheimhniú
Irish,athdheisigh
Irish,athdhílsigh
Irish,athdhíol
Irish,athdhíon
Irish,athdhúchas
Irish,athdhúchasach
Irish,athdhúiseacht
Irish,athdhúisigh
Irish,athéadach
Irish,atheagar
Irish,atheagraigh
Irish,athéirigh
Irish,atheisigh
Irish,atheisiúint
Irish,athéist
Irish,athéisteacht
Irish,atheolas
Irish,athfhaghair
Irish,athfháil
Irish,athfhás
Irish,athfhéachaint
Irish,athfhéar
Irish,athfheidhmigh
Irish,athfheistigh
Irish,athfhill
Irish,athfhilleadh
Irish,athfhillteach
Irish,athfhód
Irish,athfhoilsigh
Irish,athfhoilsiú
Irish,athfhóisc
Irish,athfhostaigh
Irish,athfhostú
Irish,athfhreagra
Irish,athfhriotal
Irish,athfhuafar
Irish,athfhuaimnigh
Irish,athfhuinneamh
Irish,athghabh
Irish,athghabháil
Irish,athghair
Irish,athghairid
Irish,athghairm
Irish,athghamhnach
Irish,athghas
Irish,athghéar
Irish,athghéaraigh
Irish,athghearr
Irish,athghéill
Irish,athghéilleadh
Irish,athghin
Irish,athghineadóir
Irish,athghiniúint
Irish,athghiniúnach
Irish,athghlan
Irish,athghlaoch
Irish,athghlaoigh
Irish,athghléas
Irish,athghléasadh
Irish,athghnóthaigh
Irish,athghoin
Irish,athghor
Irish,athghort
Irish,athghreamaigh
Irish,athghreim
Irish,athghríosaigh
Irish,athghríosú
Irish,athghróig
Irish,athghróigeán
Irish,athghrúpáil
Irish,athghual
Irish,athiarracht
Irish,athiarraidh
Irish,athimir
Irish,athimirt
Irish,athinis
Irish,athinsint
Irish,athintinn
Irish,athiomlánú
Irish,athiompaigh
Irish,athiompú
Irish,athiomrá
Irish,athionchollú
Irish,athionsaí
Irish,athiontráil
Irish,athlá
Irish,athlabhair
Irish,athladh
Irish,athlaimhe
Irish,athlamh
Irish,athlámh
Irish,athlán
Irish,athlaoch
Irish,athlas
Irish,athlasadh
Irish,athleá
Irish,athleádóir
Irish,athleag
Irish,athleagadh
Irish,athleagan
Irish,athleáigh
Irish,athléamh
Irish,athleasaigh
Irish,athleasú
Irish,athléigh
Irish,athléim
Irish,athléimneach
Irish,athléimneacht
Irish,athléine
Irish,athléirigh
Irish,athléiriú
Irish,athléite
Irish,athlíne
Irish,athlíneáil
Irish,athlíon
Irish,athlíonadh
Irish,athliostáil
Irish,athló
Irish,athlua
Irish,athluacháil
Irish,athluaigh
Irish,athluaiteachas
Irish,athluath
Irish,athluchtaigh
Irish,athluisneach
Irish,athmhachnamh
Irish,athmhagadh
Irish,athmhaidin
Irish,athmhaisigh
Irish,athmháistir
Irish,athmhalta
Irish,athmhaltas
Irish,athmhaol
Irish,athmhná
Irish,athmhóin
Irish,athmhuintearas
Irish,athmhúnlaigh
Irish,athmhúscail
Irish,athmhúscailt
Irish,athnáireach
Irish,athnasc
Irish,athneartaigh
Irish,athneartú
Irish,athnuachan
Irish,athnuaigh
Irish,athobair
Irish,athóige
Irish,athonnmhairigh
Irish,athonnmhairiú
Irish,athord
Irish,athordaigh
Irish,athordú
Irish,athoscail
Irish,athphaiste
Irish,athphéinteáil
Irish,athphlandáil
Irish,athphlé
Irish,athphléigh
Irish,athpholl
Irish,athphort
Irish,athphós
Irish,athphósadh
Irish,athphrátaí
Irish,athphreab
Irish,athphriontáil
Irish,athphrofa
Irish,athrá
Irish,athrach
Irish,athraigh
Irish,athráite
Irish,athráiteach
Irish,athraitheach
Irish,athraitheoir
Irish,athrann
Irish,athraon
Irish,athraonach
Irish,athraonadh
Irish,athraonmhéadar
Irish,athreic
Irish,athreo
Irish,athreoigh
Irish,athrí
Irish,athriar
Irish,athrígh
Irish,athríthe
Irish,athróg
Irish,athroinn
Irish,athroinnt
Irish,athrómhair
Irish,athrómhar
Irish,athrón
Irish,athrú
Irish,athruaill
Irish,athscag
Irish,athscéala
Irish,athscéimh
Irish,athscinmeach
Irish,athscinmeacht
Irish,athscinmeán
Irish,athscinn
Irish,athscinneadh
Irish,athscoláire
Irish,athscríbhinn
Irish,athscríobh
Irish,athscríobhaí
Irish,athscrúdaigh
Irish,athscrúdú
Irish,athshaighdiúir
Irish,athsháile
Irish,athshalann
Irish,athshamhlaigh
Irish,athshaothraigh
Irish,athsheachadadh
Irish,athsheachadán
Irish,athsheachaid
Irish,athsheadán
Irish,athsheilbh
Irish,athsheinm
Irish,athsheol
Irish,athsheoladh
Irish,athshlánaigh
Irish,athshlánú
Irish,athshluaistrigh
Irish,athshnaidhm
Irish,athshocraigh
Irish,athshocrú
Irish,athsholáthar
Irish,athsholáthraigh
Irish,athshon
Irish,athshonadóir
Irish,athshondach
Irish,athshondas
Irish,athshú
Irish,athshuaith
Irish,athshúigh
Irish,athsmaoineamh
Irish,athsmig
Irish,athspreacadh
Irish,athspreag
Irish,athspréigh
Irish,athstaidéar
Irish,athstóraigh
Irish,atht-
Irish,athuair
Irish,athúll
Irish,athúlta
Irish,athúsáid
Irish,atíolacadh
Irish,atíolacas
Irish,atíolaic
Irish,ationóil
Irish,ationól
Irish,atit
Irish,atitim
Irish,átlamh
Irish,Atlantach
Irish,atlas
Irish,atmaisféar
Irish,atmaisféarach
Irish,atmalú
Irish,atóg
Irish,atogh
Irish,atoghchán
Irish,atóin
Irish,atonach
Irish,atoradh
Irish,atosaigh
Irish,atrácht
Irish,atraithe
Irish,atramh
Irish,atrann
Irish,atráth
Irish,atreabh
Irish,atriail
Irish,atroigh
Irish,atrua
Irish,atruach
Irish,atúirnéir
Irish,atuirse
Irish,atuirseach
Irish,atuit
Irish,aturnae